accuracy,loss,val_accuracy,val_loss
0.9028888940811157,0.3137768507003784,0.9826666712760925,0.06115810200572014
0.9694814682006836,0.10293783992528915,0.987666666507721,0.04357020556926727
0.9777963161468506,0.07495397329330444,0.9893333315849304,0.03699752688407898
0.9820926189422607,0.05952216312289238,0.9904999732971191,0.03266075998544693
0.9852963089942932,0.051286276429891586,0.9894999861717224,0.03284066170454025
0.9866481423377991,0.0439162403345108,0.9898333549499512,0.030932113528251648
