{
  "model_path": "models\\mnist_cnn_baseline.keras",
  "epochs_requested": 6,
  "epochs_completed": 6,
  "batch_size": 128,
  "best_epoch": 4,
  "final_training_accuracy": 0.9866481423377991,
  "final_validation_accuracy": 0.9898333549499512,
  "best_validation_accuracy": 0.9904999732971191,
  "final_training_loss": 0.0439162403345108,
  "final_validation_loss": 0.030932113528251648,
  "dataset_summary": {
    "train_images_shape": [
      60000,
      28,
      28
    ],
    "train_labels_shape": [
      60000
    ],
    "test_images_shape": [
      10000,
      28,
      28
    ],
    "test_labels_shape": [
      10000
    ],
    "train_class_counts": {
      "0": 5923,
      "1": 6742,
      "2": 5958,
      "3": 6131,
      "4": 5842,
      "5": 5421,
      "6": 5918,
      "7": 6265,
      "8": 5851,
      "9": 5949
    },
    "test_class_counts": {
      "0": 980,
      "1": 1135,
      "2": 1032,
      "3": 1010,
      "4": 982,
      "5": 892,
      "6": 958,
      "7": 1028,
      "8": 974,
      "9": 1009
    }
  }
}