accuracy,loss,val_accuracy,val_loss
0.9038333296775818,0.3139132559299469,0.9796666502952576,0.06709276884794235
0.9695740938186646,0.10315648466348648,0.9871666431427002,0.044722698628902435
0.9770740866661072,0.07676222175359726,0.9888333082199097,0.038292430341243744
0.981425940990448,0.062091242522001266,0.9891666769981384,0.03864247724413872
0.9841296076774597,0.052414871752262115,0.9901666641235352,0.033523790538311005
0.9865555763244629,0.04472510144114494,0.9908333420753479,0.03852618485689163
